ID,Region,Politic Party
1,Avalon,New Democrat
2,Avalon,New Democrat
3,Avalon,New Democrat
4,Avalon,New Democrat
5,Avalon,New Democrat
6,Avalon,New Democrat
7,Avalon,New Democrat
8,Avalon,New Democrat
9,Avalon,New Democrat
10,Avalon,New Democrat
11,Avalon,New Democrat
12,Avalon,New Democrat
13,Avalon,New Democrat
14,Avalon,New Democrat
15,Avalon,New Democrat
16,Avalon,New Democrat
17,Avalon,New Democrat
18,Avalon,New Democrat
19,Avalon,New Democrat
20,Avalon,New Democrat
21,Avalon,New Democrat
22,Avalon,New Democrat
23,Avalon,New Democrat
24,Avalon,New Democrat
25,Avalon,New Democrat
26,Avalon,New Democrat
27,Avalon,New Democrat
28,Avalon,New Democrat
29,Avalon,New Democrat
30,Avalon,New Democrat
31,Avalon,New Democrat
32,Avalon,New Democrat
33,Avalon,New Democrat
34,Avalon,New Democrat
35,Avalon,New Democrat
36,Avalon,New Democrat
37,Avalon,New Democrat
38,Avalon,New Democrat
39,Avalon,New Democrat
40,Avalon,New Democrat
41,Avalon,New Democrat
42,Avalon,New Democrat
43,Avalon,Liberal
44,Avalon,Liberal
45,Avalon,Liberal
46,Avalon,Liberal
47,Avalon,Liberal
48,Avalon,Liberal
49,Avalon,Liberal
50,Avalon,Liberal
51,Avalon,Liberal
52,Avalon,Liberal
53,Avalon,Liberal
54,Avalon,Liberal
55,Avalon,Liberal
56,Avalon,Liberal
57,Avalon,Liberal
58,Avalon,Liberal
59,Avalon,Liberal
60,Avalon,Liberal
61,Avalon,Liberal
62,Avalon,Liberal
63,Avalon,Liberal
64,Avalon,Liberal
65,Avalon,Liberal
66,Avalon,Liberal
67,Avalon,Liberal
68,Avalon,Liberal
69,Avalon,Liberal
70,Avalon,Liberal
71,Avalon,Liberal
72,Avalon,Liberal
73,Avalon,Liberal
74,Avalon,Liberal
75,Avalon,Liberal
76,Avalon,Liberal
77,Avalon,Liberal
78,Avalon,Liberal
79,Avalon,Liberal
80,Avalon,Liberal
81,Avalon,Liberal
82,Avalon,Liberal
83,Avalon,Liberal
84,Avalon,Liberal
85,Avalon,Liberal
86,Avalon,Liberal
87,Avalon,Liberal
88,Avalon,Liberal
89,Avalon,Liberal
90,Avalon,Liberal
91,Avalon,Liberal
92,Avalon,Liberal
93,Avalon,Liberal
94,Avalon,Liberal
95,Avalon,Liberal
96,Avalon,Liberal
97,Avalon,Liberal
98,Avalon,Liberal
99,Avalon,Liberal
100,Avalon,Liberal
101,Avalon,Liberal
102,Avalon,Liberal
103,Avalon,Liberal
104,Avalon,Liberal
105,Avalon,Liberal
106,Avalon,Liberal
107,Avalon,Liberal
108,Avalon,Liberal
109,Avalon,Liberal
110,Avalon,Liberal
111,Avalon,Liberal
112,Avalon,Liberal
113,Avalon,Liberal
114,Avalon,Liberal
115,Avalon,Liberal
116,Avalon,Liberal
117,Avalon,Liberal
118,Avalon,Liberal
119,Avalon,Liberal
120,Avalon,Liberal
121,Avalon,Liberal
122,Avalon,Liberal
123,Avalon,Liberal
124,Avalon,Liberal
125,Avalon,Liberal
126,Avalon,Liberal
127,Avalon,Liberal
128,Avalon,Liberal
129,Avalon,Liberal
130,Avalon,Liberal
131,Avalon,Liberal
132,Avalon,Liberal
133,Avalon,Liberal
134,Avalon,Liberal
135,Avalon,Liberal
136,Avalon,Liberal
137,Avalon,Liberal
138,Avalon,Liberal
139,Avalon,Liberal
140,Avalon,Liberal
141,Avalon,Liberal
142,Avalon,Liberal
143,Avalon,Liberal
144,Avalon,Liberal
145,Avalon,Liberal
146,Avalon,Liberal
147,Avalon,Liberal
148,Avalon,Green
149,Avalon,Green
150,Avalon,Green
151,Avalon,Green
152,Avalon,Green
153,Avalon,Green
154,Avalon,Green
155,Avalon,Green
156,Avalon,Green
157,Avalon,Green
158,Avalon,Conservative
159,Avalon,Conservative
160,Avalon,Conservative
161,Avalon,Conservative
162,Avalon,Conservative
163,Avalon,Conservative
164,Avalon,Conservative
165,Avalon,Conservative
166,Avalon,Conservative
167,Avalon,Conservative
168,Avalon,Conservative
169,Avalon,Conservative
170,Avalon,Conservative
171,Avalon,Conservative
172,Avalon,Conservative
173,Avalon,Conservative
174,Avalon,Conservative
175,Avalon,Conservative
176,Avalon,Conservative
177,Avalon,Conservative
178,Avalon,Conservative
179,Avalon,Conservative
180,Avalon,Conservative
181,Avalon,Conservative
182,Avalon,Conservative
183,Avalon,Conservative
184,Avalon,Conservative
185,Avalon,Conservative
186,Avalon,Conservative
187,Avalon,Conservative
188,Avalon,Conservative
189,Avalon,Conservative
190,Avalon,Conservative
191,Avalon,Conservative
192,Avalon,Conservative
193,Avalon,Conservative
194,Avalon,Conservative
195,Avalon,Conservative
196,Avalon,Conservative
197,Avalon,Conservative
198,Avalon,Conservative
199,Avalon,Conservative
200,Avalon,Conservative
201,Avalon,Conservative
202,Avalon,Conservative
203,Avalon,Conservative
204,Avalon,Conservative
205,Avalon,Conservative
206,Avalon,Conservative
207,Avalon,Conservative
208,Avalon,Conservative
209,Avalon,Conservative
210,Avalon,Conservative
211,BBT,New Democrat
212,BBT,New Democrat
213,BBT,New Democrat
214,BBT,New Democrat
215,BBT,New Democrat
216,BBT,New Democrat
217,BBT,New Democrat
218,BBT,New Democrat
219,BBT,New Democrat
220,BBT,New Democrat
221,BBT,New Democrat
222,BBT,New Democrat
223,BBT,New Democrat
224,BBT,New Democrat
225,BBT,New Democrat
226,BBT,New Democrat
227,BBT,New Democrat
228,BBT,New Democrat
229,BBT,New Democrat
230,BBT,New Democrat
231,BBT,New Democrat
232,BBT,New Democrat
233,BBT,New Democrat
234,BBT,New Democrat
235,BBT,New Democrat
236,BBT,New Democrat
237,BBT,Liberal
238,BBT,Liberal
239,BBT,Liberal
240,BBT,Liberal
241,BBT,Liberal
242,BBT,Liberal
243,BBT,Liberal
244,BBT,Liberal
245,BBT,Liberal
246,BBT,Liberal
247,BBT,Liberal
248,BBT,Liberal
249,BBT,Liberal
250,BBT,Liberal
251,BBT,Liberal
252,BBT,Liberal
253,BBT,Liberal
254,BBT,Liberal
255,BBT,Liberal
256,BBT,Liberal
257,BBT,Liberal
258,BBT,Liberal
259,BBT,Liberal
260,BBT,Liberal
261,BBT,Liberal
262,BBT,Liberal
263,BBT,Liberal
264,BBT,Liberal
265,BBT,Liberal
266,BBT,Liberal
267,BBT,Liberal
268,BBT,Liberal
269,BBT,Liberal
270,BBT,Liberal
271,BBT,Liberal
272,BBT,Liberal
273,BBT,Liberal
274,BBT,Liberal
275,BBT,Liberal
276,BBT,Liberal
277,BBT,Liberal
278,BBT,Liberal
279,BBT,Liberal
280,BBT,Liberal
281,BBT,Liberal
282,BBT,Liberal
283,BBT,Liberal
284,BBT,Liberal
285,BBT,Liberal
286,BBT,Liberal
287,BBT,Liberal
288,BBT,Liberal
289,BBT,Liberal
290,BBT,Liberal
291,BBT,Liberal
292,BBT,Liberal
293,BBT,Liberal
294,BBT,Liberal
295,BBT,Liberal
296,BBT,Liberal
297,BBT,Liberal
298,BBT,Liberal
299,BBT,Liberal
300,BBT,Liberal
301,BBT,Liberal
302,BBT,Liberal
303,BBT,Liberal
304,BBT,Liberal
305,BBT,Liberal
306,BBT,Liberal
307,BBT,Liberal
308,BBT,Liberal
309,BBT,Liberal
310,BBT,Liberal
311,BBT,Liberal
312,BBT,Liberal
313,BBT,Liberal
314,BBT,Liberal
315,BBT,Liberal
316,BBT,Liberal
317,BBT,Liberal
318,BBT,Liberal
319,BBT,Liberal
320,BBT,Liberal
321,BBT,Liberal
322,BBT,Liberal
323,BBT,Liberal
324,BBT,Liberal
325,BBT,Liberal
326,BBT,Liberal
327,BBT,Liberal
328,BBT,Liberal
329,BBT,Liberal
330,BBT,Liberal
331,BBT,Liberal
332,BBT,Liberal
333,BBT,Liberal
334,BBT,Liberal
335,BBT,Liberal
336,BBT,Liberal
337,BBT,Liberal
338,BBT,Liberal
339,BBT,Liberal
340,BBT,Liberal
341,BBT,Liberal
342,BBT,Liberal
343,BBT,Liberal
344,BBT,Liberal
345,BBT,Liberal
346,BBT,Liberal
347,BBT,Liberal
348,BBT,Liberal
349,BBT,Liberal
350,BBT,Liberal
351,BBT,Liberal
352,BBT,Liberal
353,BBT,Liberal
354,BBT,Liberal
355,BBT,Liberal
356,BBT,Liberal
357,BBT,Liberal
358,BBT,Liberal
359,BBT,Liberal
360,BBT,Liberal
361,BBT,Liberal
362,BBT,Liberal
363,BBT,Liberal
364,BBT,Liberal
365,BBT,Liberal
366,BBT,Liberal
367,BBT,Conservative
368,BBT,Conservative
369,BBT,Conservative
370,BBT,Conservative
371,BBT,Conservative
372,BBT,Conservative
373,BBT,Conservative
374,BBT,Conservative
375,BBT,Conservative
376,BBT,Conservative
377,BBT,Conservative
378,BBT,Conservative
379,BBT,Conservative
380,BBT,Conservative
381,BBT,Conservative
382,BBT,Conservative
383,BBT,Conservative
384,BBT,Conservative
385,BBT,Conservative
386,BBT,Conservative
387,BBT,Conservative
388,BBT,Conservative
389,BBT,Conservative
390,BBT,Conservative
391,BBT,Conservative
392,BBT,Conservative
393,BBT,Conservative
394,BBT,Conservative
395,BBT,Conservative
396,BBT,Conservative
397,BBT,Conservative
398,BBT,Conservative
399,BBT,Conservative
400,BBT,Conservative
401,BBT,Conservative
402,BBT,Conservative
403,BBT,Conservative
404,BBT,Conservative
405,BBT,Conservative
406,BBT,Conservative
407,BBT,Conservative
408,BBT,Conservative
409,BBT,Conservative
410,BBT,Conservative
411,BBT,Conservative
412,BBT,Conservative
413,BBT,Conservative
414,BBT,Conservative
415,BBT,Conservative
416,BBT,Conservative
417,BBT,Conservative
418,BBT,Conservative
419,BBT,Conservative
420,BBT,Conservative
421,BBT,Conservative
422,BBT,Conservative
423,BBT,Conservative
424,BBT,Conservative
425,BBT,Conservative
426,BBT,Conservative
427,BBT,Conservative
428,BBT,Conservative
429,BBT,Conservative
430,BBT,Conservative
431,BBT,Conservative
432,BBT,Conservative
433,BBT,Conservative
434,BBT,Conservative
435,BBT,Conservative
436,BBT,Conservative
437,BBT,Conservative
438,BBT,Conservative
439,BBT,Conservative
440,BBT,Conservative
441,BBT,Conservative
442,BBT,Conservative
443,BBT,Conservative
444,BBT,Conservative
445,BBT,Conservative
446,BBT,Conservative
447,BBT,Conservative
448,BBT,Conservative
449,BBT,Conservative
450,BBT,Conservative
451,BBT,Conservative
452,BBT,Conservative
453,BBT,Conservative
454,BBT,Conservative
455,BBT,Conservative
456,BBT,Conservative
457,BBT,Conservative
458,BBT,Conservative
459,BBT,Conservative
460,BBT,Conservative
461,BBT,Conservative
462,BBT,Conservative
463,BBT,Conservative
464,BBT,Conservative
465,BBT,Conservative
466,BBT,Conservative
467,BBT,Conservative
468,BBT,Conservative
469,BBT,Conservative
470,BBT,Conservative
471,BCN,New Democrat
472,BCN,New Democrat
473,BCN,New Democrat
474,BCN,New Democrat
475,BCN,New Democrat
476,BCN,New Democrat
477,BCN,New Democrat
478,BCN,New Democrat
479,BCN,New Democrat
480,BCN,New Democrat
481,BCN,New Democrat
482,BCN,New Democrat
483,BCN,New Democrat
484,BCN,New Democrat
485,BCN,New Democrat
486,BCN,New Democrat
487,BCN,New Democrat
488,BCN,New Democrat
489,BCN,New Democrat
490,BCN,New Democrat
491,BCN,New Democrat
492,BCN,New Democrat
493,BCN,New Democrat
494,BCN,Liberal
495,BCN,Liberal
496,BCN,Liberal
497,BCN,Liberal
498,BCN,Liberal
499,BCN,Liberal
500,BCN,Liberal
501,BCN,Liberal
502,BCN,Liberal
503,BCN,Liberal
504,BCN,Liberal
505,BCN,Liberal
506,BCN,Liberal
507,BCN,Liberal
508,BCN,Liberal
509,BCN,Liberal
510,BCN,Liberal
511,BCN,Liberal
512,BCN,Liberal
513,BCN,Liberal
514,BCN,Liberal
515,BCN,Liberal
516,BCN,Liberal
517,BCN,Liberal
518,BCN,Liberal
519,BCN,Liberal
520,BCN,Liberal
521,BCN,Liberal
522,BCN,Liberal
523,BCN,Liberal
524,BCN,Liberal
525,BCN,Liberal
526,BCN,Liberal
527,BCN,Liberal
528,BCN,Liberal
529,BCN,Liberal
530,BCN,Liberal
531,BCN,Liberal
532,BCN,Liberal
533,BCN,Liberal
534,BCN,Liberal
535,BCN,Liberal
536,BCN,Liberal
537,BCN,Liberal
538,BCN,Liberal
539,BCN,Liberal
540,BCN,Liberal
541,BCN,Liberal
542,BCN,Liberal
543,BCN,Liberal
544,BCN,Liberal
545,BCN,Liberal
546,BCN,Liberal
547,BCN,Liberal
548,BCN,Liberal
549,BCN,Liberal
550,BCN,Liberal
551,BCN,Liberal
552,BCN,Liberal
553,BCN,Liberal
554,BCN,Liberal
555,BCN,Liberal
556,BCN,Liberal
557,BCN,Liberal
558,BCN,Liberal
559,BCN,Liberal
560,BCN,Liberal
561,BCN,Liberal
562,BCN,Liberal
563,BCN,Liberal
564,BCN,Liberal
565,BCN,Liberal
566,BCN,Liberal
567,BCN,Liberal
568,BCN,Liberal
569,BCN,Liberal
570,BCN,Liberal
571,BCN,Liberal
572,BCN,Liberal
573,BCN,Liberal
574,BCN,Liberal
575,BCN,Liberal
576,BCN,Liberal
577,BCN,Liberal
578,BCN,Liberal
579,BCN,Liberal
580,BCN,Liberal
581,BCN,Liberal
582,BCN,Liberal
583,BCN,Liberal
584,BCN,Liberal
585,BCN,Liberal
586,BCN,Liberal
587,BCN,Liberal
588,BCN,Liberal
589,BCN,Liberal
590,BCN,Liberal
591,BCN,Liberal
592,BCN,Liberal
593,BCN,Liberal
594,BCN,Liberal
595,BCN,Liberal
596,BCN,Liberal
597,BCN,Liberal
598,BCN,Liberal
599,BCN,Liberal
600,BCN,Liberal
601,BCN,Liberal
602,BCN,Liberal
603,BCN,Liberal
604,BCN,Liberal
605,BCN,Liberal
606,BCN,Liberal
607,BCN,Liberal
608,BCN,Liberal
609,BCN,Conservative
610,BCN,Conservative
611,BCN,Conservative
612,BCN,Conservative
613,BCN,Conservative
614,BCN,Conservative
615,BCN,Conservative
616,BCN,Conservative
617,BCN,Conservative
618,BCN,Conservative
619,BCN,Conservative
620,BCN,Conservative
621,BCN,Conservative
622,BCN,Conservative
623,BCN,Conservative
624,BCN,Conservative
625,BCN,Conservative
626,BCN,Conservative
627,BCN,Conservative
628,BCN,Conservative
629,BCN,Conservative
630,BCN,Conservative
631,BCN,Conservative
632,BCN,Conservative
633,BCN,Conservative
634,BCN,Conservative
635,BCN,Conservative
636,BCN,Conservative
637,BCN,Conservative
638,BCN,Conservative
639,BCN,Conservative
640,BCN,Conservative
641,BCN,Conservative
642,BCN,Conservative
643,BCN,Conservative
644,BCN,Conservative
645,BCN,Conservative
646,BCN,Conservative
647,BCN,Conservative
648,BCN,Conservative
649,BCN,Conservative
650,BCN,Conservative
651,BCN,Conservative
652,BCN,Conservative
653,BCN,Conservative
654,BCN,Conservative
655,BCN,Conservative
656,BCN,Conservative
657,BCN,Conservative
658,BCN,Conservative
659,BCN,Conservative
660,BCN,Conservative
661,BCN,Conservative
662,BCN,Conservative
663,BCN,Conservative
664,BCN,Conservative
665,BCN,Conservative
666,BCN,Conservative
667,BCN,Conservative
668,BCN,Conservative
669,BCN,Conservative
670,BCN,Conservative
671,BCN,Conservative
672,BCN,Conservative
673,BCN,Conservative
674,BCN,Conservative
675,BCN,Conservative
676,BCN,Conservative
677,BCN,Conservative
678,BCN,Conservative
679,BCN,Conservative
680,BCN,Conservative
681,BCN,Conservative
682,BCN,Conservative
683,BCN,Conservative
684,BCN,Conservative
685,BCN,Conservative
686,BCN,Conservative
687,BCN,Conservative
688,BCN,Conservative
689,BCN,Conservative
690,BCN,Conservative
691,BCN,Conservative
692,BCN,Conservative
693,BCN,Conservative
694,BCN,Conservative
695,BCN,Conservative
696,BCN,Conservative
697,BCN,Conservative
698,BCN,Conservative
699,BCN,Conservative
700,BCN,Conservative
701,Labrador,New Democrat
702,Labrador,New Democrat
703,Labrador,New Democrat
704,Labrador,New Democrat
705,Labrador,New Democrat
706,Labrador,New Democrat
707,Labrador,New Democrat
708,Labrador,New Democrat
709,Labrador,New Democrat
710,Labrador,New Democrat
711,Labrador,New Democrat
712,Labrador,New Democrat
713,Labrador,New Democrat
714,Labrador,New Democrat
715,Labrador,New Democrat
716,Labrador,New Democrat
717,Labrador,New Democrat
718,Labrador,New Democrat
719,Labrador,New Democrat
720,Labrador,New Democrat
721,Labrador,New Democrat
722,Labrador,New Democrat
723,Labrador,New Democrat
724,Labrador,New Democrat
725,Labrador,New Democrat
726,Labrador,New Democrat
727,Labrador,New Democrat
728,Labrador,Liberal
729,Labrador,Liberal
730,Labrador,Liberal
731,Labrador,Liberal
732,Labrador,Liberal
733,Labrador,Liberal
734,Labrador,Liberal
735,Labrador,Liberal
736,Labrador,Liberal
737,Labrador,Liberal
738,Labrador,Liberal
739,Labrador,Liberal
740,Labrador,Liberal
741,Labrador,Liberal
742,Labrador,Liberal
743,Labrador,Liberal
744,Labrador,Liberal
745,Labrador,Liberal
746,Labrador,Liberal
747,Labrador,Liberal
748,Labrador,Liberal
749,Labrador,Liberal
750,Labrador,Liberal
751,Labrador,Liberal
752,Labrador,Liberal
753,Labrador,Liberal
754,Labrador,Liberal
755,Labrador,Liberal
756,Labrador,Liberal
757,Labrador,Liberal
758,Labrador,Liberal
759,Labrador,Liberal
760,Labrador,Liberal
761,Labrador,Liberal
762,Labrador,Liberal
763,Labrador,Liberal
764,Labrador,Conservative
765,Labrador,Conservative
766,Labrador,Conservative
767,Labrador,Conservative
768,Labrador,Conservative
769,Labrador,Conservative
770,Labrador,Conservative
771,Labrador,Conservative
772,Labrador,Conservative
773,Labrador,Conservative
774,Labrador,Conservative
775,Labrador,Conservative
776,Labrador,Conservative
777,Labrador,Conservative
778,Labrador,Conservative
779,Labrador,Conservative
780,Labrador,Conservative
781,Labrador,Conservative
782,Labrador,Conservative
783,Labrador,Conservative
784,Labrador,Conservative
785,Labrador,Conservative
786,Labrador,Conservative
787,Labrador,Conservative
788,Labrador,Conservative
789,Labrador,Conservative
790,Labrador,Conservative
791,LRM,New Democrat
792,LRM,New Democrat
793,LRM,New Democrat
794,LRM,New Democrat
795,LRM,New Democrat
796,LRM,New Democrat
797,LRM,New Democrat
798,LRM,New Democrat
799,LRM,New Democrat
800,LRM,New Democrat
801,LRM,New Democrat
802,LRM,New Democrat
803,LRM,New Democrat
804,LRM,New Democrat
805,LRM,New Democrat
806,LRM,New Democrat
807,LRM,New Democrat
808,LRM,New Democrat
809,LRM,New Democrat
810,LRM,New Democrat
811,LRM,New Democrat
812,LRM,New Democrat
813,LRM,New Democrat
814,LRM,New Democrat
815,LRM,New Democrat
816,LRM,New Democrat
817,LRM,New Democrat
818,LRM,New Democrat
819,LRM,New Democrat
820,LRM,New Democrat
821,LRM,New Democrat
822,LRM,New Democrat
823,LRM,New Democrat
824,LRM,New Democrat
825,LRM,New Democrat
826,LRM,New Democrat
827,LRM,New Democrat
828,LRM,New Democrat
829,LRM,New Democrat
830,LRM,New Democrat
831,LRM,New Democrat
832,LRM,New Democrat
833,LRM,New Democrat
834,LRM,New Democrat
835,LRM,New Democrat
836,LRM,New Democrat
837,LRM,New Democrat
838,LRM,New Democrat
839,LRM,New Democrat
840,LRM,New Democrat
841,LRM,Liberal
842,LRM,Liberal
843,LRM,Liberal
844,LRM,Liberal
845,LRM,Liberal
846,LRM,Liberal
847,LRM,Liberal
848,LRM,Liberal
849,LRM,Liberal
850,LRM,Liberal
851,LRM,Liberal
852,LRM,Liberal
853,LRM,Liberal
854,LRM,Liberal
855,LRM,Liberal
856,LRM,Liberal
857,LRM,Liberal
858,LRM,Liberal
859,LRM,Liberal
860,LRM,Liberal
861,LRM,Liberal
862,LRM,Liberal
863,LRM,Liberal
864,LRM,Liberal
865,LRM,Liberal
866,LRM,Liberal
867,LRM,Liberal
868,LRM,Liberal
869,LRM,Liberal
870,LRM,Liberal
871,LRM,Liberal
872,LRM,Liberal
873,LRM,Liberal
874,LRM,Liberal
875,LRM,Liberal
876,LRM,Liberal
877,LRM,Liberal
878,LRM,Liberal
879,LRM,Liberal
880,LRM,Liberal
881,LRM,Liberal
882,LRM,Liberal
883,LRM,Liberal
884,LRM,Liberal
885,LRM,Liberal
886,LRM,Liberal
887,LRM,Liberal
888,LRM,Liberal
889,LRM,Liberal
890,LRM,Liberal
891,LRM,Liberal
892,LRM,Liberal
893,LRM,Liberal
894,LRM,Liberal
895,LRM,Liberal
896,LRM,Liberal
897,LRM,Liberal
898,LRM,Liberal
899,LRM,Liberal
900,LRM,Liberal
901,LRM,Liberal
902,LRM,Liberal
903,LRM,Liberal
904,LRM,Liberal
905,LRM,Liberal
906,LRM,Liberal
907,LRM,Liberal
908,LRM,Liberal
909,LRM,Liberal
910,LRM,Liberal
911,LRM,Liberal
912,LRM,Liberal
913,LRM,Liberal
914,LRM,Liberal
915,LRM,Liberal
916,LRM,Liberal
917,LRM,Liberal
918,LRM,Liberal
919,LRM,Liberal
920,LRM,Liberal
921,LRM,Liberal
922,LRM,Liberal
923,LRM,Liberal
924,LRM,Liberal
925,LRM,Liberal
926,LRM,Liberal
927,LRM,Liberal
928,LRM,Liberal
929,LRM,Liberal
930,LRM,Liberal
931,LRM,Liberal
932,LRM,Liberal
933,LRM,Liberal
934,LRM,Liberal
935,LRM,Liberal
936,LRM,Liberal
937,LRM,Liberal
938,LRM,Liberal
939,LRM,Liberal
940,LRM,Liberal
941,LRM,Liberal
942,LRM,Liberal
943,LRM,Liberal
944,LRM,Liberal
945,LRM,Liberal
946,LRM,Liberal
947,LRM,Liberal
948,LRM,Liberal
949,LRM,Liberal
950,LRM,Liberal
951,LRM,Liberal
952,LRM,Liberal
953,LRM,Liberal
954,LRM,Liberal
955,LRM,Liberal
956,LRM,Liberal
957,LRM,Liberal
958,LRM,Liberal
959,LRM,Liberal
960,LRM,Liberal
961,LRM,Liberal
962,LRM,Liberal
963,LRM,Liberal
964,LRM,Liberal
965,LRM,Conservative
966,LRM,Conservative
967,LRM,Conservative
968,LRM,Conservative
969,LRM,Conservative
970,LRM,Conservative
971,LRM,Conservative
972,LRM,Conservative
973,LRM,Conservative
974,LRM,Conservative
975,LRM,Conservative
976,LRM,Conservative
977,LRM,Conservative
978,LRM,Conservative
979,LRM,Conservative
980,LRM,Conservative
981,LRM,Conservative
982,LRM,Conservative
983,LRM,Conservative
984,LRM,Conservative
985,LRM,Conservative
986,LRM,Conservative
987,LRM,Conservative
988,LRM,Conservative
989,LRM,Conservative
990,LRM,Conservative
991,LRM,Conservative
992,LRM,Conservative
993,LRM,Conservative
994,LRM,Conservative
995,LRM,Conservative
996,LRM,Conservative
997,LRM,Conservative
998,LRM,Conservative
999,LRM,Conservative
1000,LRM,Conservative
1001,LRM,Conservative
1002,LRM,Conservative
1003,LRM,Conservative
1004,LRM,Conservative
1005,LRM,Conservative
1006,LRM,Conservative
1007,LRM,Conservative
1008,LRM,Conservative
1009,LRM,Conservative
1010,LRM,Conservative
1011,LRM,Conservative
1012,LRM,Conservative
1013,LRM,Conservative
1014,LRM,Conservative
1015,LRM,Conservative
1016,LRM,Conservative
1017,LRM,Conservative
1018,LRM,Conservative
1019,LRM,Conservative
1020,LRM,Conservative
1021,LRM,Conservative
1022,LRM,Conservative
1023,LRM,Conservative
1024,LRM,Conservative
1025,LRM,Conservative
1026,LRM,Conservative
1027,LRM,Conservative
1028,LRM,Conservative
1029,LRM,Conservative
1030,LRM,Conservative
1031,LRM,Conservative
1032,LRM,Conservative
1033,LRM,Conservative
1034,LRM,Conservative
1035,LRM,Conservative
1036,LRM,Conservative
1037,LRM,Conservative
1038,LRM,Conservative
1039,LRM,Conservative
1040,LRM,Conservative
1041,SJE,New Democrat
1042,SJE,New Democrat
1043,SJE,New Democrat
1044,SJE,New Democrat
1045,SJE,New Democrat
1046,SJE,New Democrat
1047,SJE,New Democrat
1048,SJE,New Democrat
1049,SJE,New Democrat
1050,SJE,New Democrat
1051,SJE,New Democrat
1052,SJE,New Democrat
1053,SJE,New Democrat
1054,SJE,New Democrat
1055,SJE,New Democrat
1056,SJE,New Democrat
1057,SJE,New Democrat
1058,SJE,New Democrat
1059,SJE,New Democrat
1060,SJE,New Democrat
1061,SJE,New Democrat
1062,SJE,New Democrat
1063,SJE,New Democrat
1064,SJE,New Democrat
1065,SJE,New Democrat
1066,SJE,New Democrat
1067,SJE,New Democrat
1068,SJE,New Democrat
1069,SJE,New Democrat
1070,SJE,New Democrat
1071,SJE,New Democrat
1072,SJE,New Democrat
1073,SJE,New Democrat
1074,SJE,New Democrat
1075,SJE,New Democrat
1076,SJE,New Democrat
1077,SJE,New Democrat
1078,SJE,New Democrat
1079,SJE,New Democrat
1080,SJE,New Democrat
1081,SJE,New Democrat
1082,SJE,New Democrat
1083,SJE,New Democrat
1084,SJE,New Democrat
1085,SJE,New Democrat
1086,SJE,New Democrat
1087,SJE,New Democrat
1088,SJE,New Democrat
1089,SJE,New Democrat
1090,SJE,New Democrat
1091,SJE,New Democrat
1092,SJE,New Democrat
1093,SJE,New Democrat
1094,SJE,New Democrat
1095,SJE,New Democrat
1096,SJE,New Democrat
1097,SJE,New Democrat
1098,SJE,New Democrat
1099,SJE,New Democrat
1100,SJE,New Democrat
1101,SJE,New Democrat
1102,SJE,New Democrat
1103,SJE,New Democrat
1104,SJE,New Democrat
1105,SJE,New Democrat
1106,SJE,New Democrat
1107,SJE,New Democrat
1108,SJE,New Democrat
1109,SJE,New Democrat
1110,SJE,New Democrat
1111,SJE,New Democrat
1112,SJE,New Democrat
1113,SJE,New Democrat
1114,SJE,New Democrat
1115,SJE,New Democrat
1116,SJE,New Democrat
1117,SJE,New Democrat
1118,SJE,New Democrat
1119,SJE,New Democrat
1120,SJE,New Democrat
1121,SJE,New Democrat
1122,SJE,New Democrat
1123,SJE,New Democrat
1124,SJE,New Democrat
1125,SJE,New Democrat
1126,SJE,New Democrat
1127,SJE,New Democrat
1128,SJE,New Democrat
1129,SJE,New Democrat
1130,SJE,New Democrat
1131,SJE,Liberal
1132,SJE,Liberal
1133,SJE,Liberal
1134,SJE,Liberal
1135,SJE,Liberal
1136,SJE,Liberal
1137,SJE,Liberal
1138,SJE,Liberal
1139,SJE,Liberal
1140,SJE,Liberal
1141,SJE,Liberal
1142,SJE,Liberal
1143,SJE,Liberal
1144,SJE,Liberal
1145,SJE,Liberal
1146,SJE,Liberal
1147,SJE,Liberal
1148,SJE,Liberal
1149,SJE,Liberal
1150,SJE,Liberal
1151,SJE,Liberal
1152,SJE,Liberal
1153,SJE,Liberal
1154,SJE,Liberal
1155,SJE,Liberal
1156,SJE,Liberal
1157,SJE,Liberal
1158,SJE,Liberal
1159,SJE,Liberal
1160,SJE,Liberal
1161,SJE,Liberal
1162,SJE,Liberal
1163,SJE,Liberal
1164,SJE,Liberal
1165,SJE,Liberal
1166,SJE,Liberal
1167,SJE,Liberal
1168,SJE,Liberal
1169,SJE,Liberal
1170,SJE,Liberal
1171,SJE,Liberal
1172,SJE,Liberal
1173,SJE,Liberal
1174,SJE,Liberal
1175,SJE,Liberal
1176,SJE,Liberal
1177,SJE,Liberal
1178,SJE,Liberal
1179,SJE,Liberal
1180,SJE,Liberal
1181,SJE,Liberal
1182,SJE,Liberal
1183,SJE,Liberal
1184,SJE,Liberal
1185,SJE,Conservative
1186,SJE,Conservative
1187,SJE,Conservative
1188,SJE,Conservative
1189,SJE,Conservative
1190,SJE,Conservative
1191,SJE,Conservative
1192,SJE,Conservative
1193,SJE,Conservative
1194,SJE,Conservative
1195,SJE,Conservative
1196,SJE,Conservative
1197,SJE,Conservative
1198,SJE,Conservative
1199,SJE,Conservative
1200,SJE,Conservative
1201,SJE,Conservative
1202,SJE,Conservative
1203,SJE,Conservative
1204,SJE,Conservative
1205,SJE,Conservative
1206,SJE,Conservative
1207,SJE,Conservative
1208,SJE,Conservative
1209,SJE,Conservative
1210,SJE,Conservative
1211,SJE,Conservative
1212,SJE,Conservative
1213,SJE,Conservative
1214,SJE,Conservative
1215,SJE,Conservative
1216,SJE,Conservative
1217,SJE,Conservative
1218,SJE,Conservative
1219,SJE,Conservative
1220,SJE,Conservative
1221,SJSMP,New Democrat
1222,SJSMP,New Democrat
1223,SJSMP,New Democrat
1224,SJSMP,New Democrat
1225,SJSMP,New Democrat
1226,SJSMP,New Democrat
1227,SJSMP,New Democrat
1228,SJSMP,New Democrat
1229,SJSMP,New Democrat
1230,SJSMP,New Democrat
1231,SJSMP,New Democrat
1232,SJSMP,New Democrat
1233,SJSMP,New Democrat
1234,SJSMP,New Democrat
1235,SJSMP,New Democrat
1236,SJSMP,New Democrat
1237,SJSMP,New Democrat
1238,SJSMP,New Democrat
1239,SJSMP,New Democrat
1240,SJSMP,New Democrat
1241,SJSMP,New Democrat
1242,SJSMP,New Democrat
1243,SJSMP,New Democrat
1244,SJSMP,New Democrat
1245,SJSMP,New Democrat
1246,SJSMP,New Democrat
1247,SJSMP,New Democrat
1248,SJSMP,New Democrat
1249,SJSMP,New Democrat
1250,SJSMP,New Democrat
1251,SJSMP,New Democrat
1252,SJSMP,New Democrat
1253,SJSMP,New Democrat
1254,SJSMP,New Democrat
1255,SJSMP,New Democrat
1256,SJSMP,New Democrat
1257,SJSMP,New Democrat
1258,SJSMP,New Democrat
1259,SJSMP,New Democrat
1260,SJSMP,New Democrat
1261,SJSMP,New Democrat
1262,SJSMP,New Democrat
1263,SJSMP,New Democrat
1264,SJSMP,New Democrat
1265,SJSMP,New Democrat
1266,SJSMP,New Democrat
1267,SJSMP,New Democrat
1268,SJSMP,New Democrat
1269,SJSMP,New Democrat
1270,SJSMP,New Democrat
1271,SJSMP,New Democrat
1272,SJSMP,New Democrat
1273,SJSMP,New Democrat
1274,SJSMP,New Democrat
1275,SJSMP,Liberal
1276,SJSMP,Liberal
1277,SJSMP,Liberal
1278,SJSMP,Liberal
1279,SJSMP,Liberal
1280,SJSMP,Liberal
1281,SJSMP,Liberal
1282,SJSMP,Liberal
1283,SJSMP,Liberal
1284,SJSMP,Liberal
1285,SJSMP,Liberal
1286,SJSMP,Liberal
1287,SJSMP,Liberal
1288,SJSMP,Liberal
1289,SJSMP,Liberal
1290,SJSMP,Liberal
1291,SJSMP,Liberal
1292,SJSMP,Liberal
1293,SJSMP,Liberal
1294,SJSMP,Liberal
1295,SJSMP,Liberal
1296,SJSMP,Liberal
1297,SJSMP,Liberal
1298,SJSMP,Liberal
1299,SJSMP,Liberal
1300,SJSMP,Liberal
1301,SJSMP,Liberal
1302,SJSMP,Liberal
1303,SJSMP,Liberal
1304,SJSMP,Liberal
1305,SJSMP,Liberal
1306,SJSMP,Liberal
1307,SJSMP,Liberal
1308,SJSMP,Liberal
1309,SJSMP,Liberal
1310,SJSMP,Liberal
1311,SJSMP,Liberal
1312,SJSMP,Liberal
1313,SJSMP,Liberal
1314,SJSMP,Liberal
1315,SJSMP,Liberal
1316,SJSMP,Liberal
1317,SJSMP,Liberal
1318,SJSMP,Liberal
1319,SJSMP,Liberal
1320,SJSMP,Liberal
1321,SJSMP,Liberal
1322,SJSMP,Liberal
1323,SJSMP,Liberal
1324,SJSMP,Liberal
1325,SJSMP,Liberal
1326,SJSMP,Liberal
1327,SJSMP,Liberal
1328,SJSMP,Liberal
1329,SJSMP,Liberal
1330,SJSMP,Liberal
1331,SJSMP,Liberal
1332,SJSMP,Liberal
1333,SJSMP,Liberal
1334,SJSMP,Liberal
1335,SJSMP,Liberal
1336,SJSMP,Liberal
1337,SJSMP,Liberal
1338,SJSMP,Liberal
1339,SJSMP,Liberal
1340,SJSMP,Liberal
1341,SJSMP,Liberal
1342,SJSMP,Liberal
1343,SJSMP,Liberal
1344,SJSMP,Liberal
1345,SJSMP,Liberal
1346,SJSMP,Liberal
1347,SJSMP,Liberal
1348,SJSMP,Liberal
1349,SJSMP,Liberal
1350,SJSMP,Liberal
1351,SJSMP,Liberal
1352,SJSMP,Liberal
1353,SJSMP,Liberal
1354,SJSMP,Liberal
1355,SJSMP,Liberal
1356,SJSMP,Liberal
1357,SJSMP,Liberal
1358,SJSMP,Liberal
1359,SJSMP,Liberal
1360,SJSMP,Liberal
1361,SJSMP,Liberal
1362,SJSMP,Liberal
1363,SJSMP,Liberal
1364,SJSMP,Liberal
1365,SJSMP,Conservative
1366,SJSMP,Conservative
1367,SJSMP,Conservative
1368,SJSMP,Conservative
1369,SJSMP,Conservative
1370,SJSMP,Conservative
1371,SJSMP,Conservative
1372,SJSMP,Conservative
1373,SJSMP,Conservative
1374,SJSMP,Conservative
1375,SJSMP,Conservative
1376,SJSMP,Conservative
1377,SJSMP,Conservative
1378,SJSMP,Conservative
1379,SJSMP,Conservative
1380,SJSMP,Conservative
1381,SJSMP,Conservative
1382,SJSMP,Conservative
1383,SJSMP,Conservative
1384,SJSMP,Conservative
1385,SJSMP,Conservative
1386,SJSMP,Conservative
1387,SJSMP,Conservative
1388,SJSMP,Conservative
1389,SJSMP,Conservative
1390,SJSMP,Conservative
1391,SJSMP,Conservative
1392,SJSMP,Conservative
1393,SJSMP,Conservative
1394,SJSMP,Conservative
1395,SJSMP,Conservative
1396,SJSMP,Conservative
1397,SJSMP,Conservative
1398,SJSMP,Conservative
1399,SJSMP,Conservative
1400,SJSMP,Conservative
